Zipcode.x,SchoolName,Zipcode_first,Address,City,Zipcode.y,County,X,Y
27610,Baileywick Road Elementary,276,9425 Baileywick Road,Raleigh,27615,Wake,-78.66514385,35.90954656
27604,Baileywick Road Elementary,276,9425 Baileywick Road,Raleigh,27615,Wake,-78.66514385,35.90954656
27601,Baileywick Road Elementary,276,9425 Baileywick Road,Raleigh,27615,Wake,-78.66514385,35.90954656
27609,Baileywick Road Elementary,276,9425 Baileywick Road,Raleigh,27615,Wake,-78.66514385,35.90954656
27609,Baileywick Road Elementary,276,9425 Baileywick Road,Raleigh,27615,Wake,-78.66514385,35.90954656
27609,Baileywick Road Elementary,276,9425 Baileywick Road,Raleigh,27615,Wake,-78.66514385,35.90954656
27511,Baileywick Road Elementary,275,NA,NA,NA,NA,-78.66514385,35.90954656
27610,Baileywick Road Elementary,276,9425 Baileywick Road,Raleigh,27615,Wake,-78.66514385,35.90954656
27603,Baileywick Road Elementary,276,9425 Baileywick Road,Raleigh,27615,Wake,-78.66514385,35.90954656
27610,Baileywick Road Elementary,276,9425 Baileywick Road,Raleigh,27615,Wake,-78.66514385,35.90954656
27610,Baileywick Road Elementary,276,9425 Baileywick Road,Raleigh,27615,Wake,-78.66514385,35.90954656
27610,Baileywick Road Elementary,276,9425 Baileywick Road,Raleigh,27615,Wake,-78.66514385,35.90954656
27609,Baileywick Road Elementary,276,9425 Baileywick Road,Raleigh,27615,Wake,-78.66514385,35.90954656
27603,Baileywick Road Elementary,276,9425 Baileywick Road,Raleigh,27615,Wake,-78.66514385,35.90954656
27610,Baileywick Road Elementary,276,9425 Baileywick Road,Raleigh,27615,Wake,-78.66514385,35.90954656
27610,Baileywick Road Elementary,276,9425 Baileywick Road,Raleigh,27615,Wake,-78.66514385,35.90954656
27609,Baileywick Road Elementary,276,9425 Baileywick Road,Raleigh,27615,Wake,-78.66514385,35.90954656
27610,Baileywick Road Elementary,276,9425 Baileywick Road,Raleigh,27615,Wake,-78.66514385,35.90954656
27604,Baileywick Road Elementary,276,9425 Baileywick Road,Raleigh,27615,Wake,-78.66514385,35.90954656
27609,Baileywick Road Elementary,276,9425 Baileywick Road,Raleigh,27615,Wake,-78.66514385,35.90954656
27610,Baileywick Road Elementary,276,9425 Baileywick Road,Raleigh,27615,Wake,-78.66514385,35.90954656
27609,Baileywick Road Elementary,276,9425 Baileywick Road,Raleigh,27615,Wake,-78.66514385,35.90954656
27604,Baileywick Road Elementary,276,9425 Baileywick Road,Raleigh,27615,Wake,-78.66514385,35.90954656
27609,Baileywick Road Elementary,276,NA,NA,NA,NA,-78.66514385,35.90954656
27610,Barwell Road Elementary,276,3925 Barwell Road,Raleigh,27610,Wake,-78.55514199,35.73248298
27610,Barwell Road Elementary,276,3925 Barwell Road,Raleigh,27610,Wake,-78.55514199,35.73248298
27610,Barwell Road Elementary,276,3925 Barwell Road,Raleigh,27610,Wake,-78.55514199,35.73248298
27610,Barwell Road Elementary,276,3925 Barwell Road,Raleigh,27610,Wake,-78.55514199,35.73248298
27610,Barwell Road Elementary,276,3925 Barwell Road,Raleigh,27610,Wake,-78.55514199,35.73248298
27610,Barwell Road Elementary,276,3925 Barwell Road,Raleigh,27610,Wake,-78.55514199,35.73248298
27610,Barwell Road Elementary,276,3925 Barwell Road,Raleigh,27610,Wake,-78.55514199,35.73248298
27610,Barwell Road Elementary,276,3925 Barwell Road,Raleigh,27610,Wake,-78.55514199,35.73248298
27610,Barwell Road Elementary,276,3925 Barwell Road,Raleigh,27610,Wake,-78.55514199,35.73248298
27610,Barwell Road Elementary,276,3925 Barwell Road,Raleigh,27610,Wake,-78.55514199,35.73248298
27610,Barwell Road Elementary,276,3925 Barwell Road,Raleigh,27610,Wake,-78.55514199,35.73248298
27610,Barwell Road Elementary,276,3925 Barwell Road,Raleigh,27610,Wake,-78.55514199,35.73248298
27610,Barwell Road Elementary,276,3925 Barwell Road,Raleigh,27610,Wake,-78.55514199,35.73248298
27610,Barwell Road Elementary,276,3925 Barwell Road,Raleigh,27610,Wake,-78.55514199,35.73248298
27610,Barwell Road Elementary,276,3925 Barwell Road,Raleigh,27610,Wake,-78.55514199,35.73248298
27610,Barwell Road Elementary,276,3925 Barwell Road,Raleigh,27610,Wake,-78.55514199,35.73248298
27610,Barwell Road Elementary,276,3925 Barwell Road,Raleigh,27610,Wake,-78.55514199,35.73248298
27610,Barwell Road Elementary,276,3925 Barwell Road,Raleigh,27610,Wake,-78.55514199,35.73248298
27539,Baucom Elementary,275,400 Hunter St,Apex,27502,Wake,-78.85448731,35.73663503
27539,Baucom Elementary,275,400 Hunter St,Apex,27502,Wake,-78.85448731,35.73663503
27616,Beaver Dam Elementary,276,NA,NA,NA,NA,-78.527968,35.821232
27610,Beaver Dam Elementary,276,NA,NA,NA,NA,-78.527968,35.821232
27603,Beaver Dam Elementary,276,NA,NA,NA,NA,-78.527968,35.821232
27591,Beaver Dam Elementary,275,NA,NA,NA,NA,-78.527968,35.821232
27616,Beaver Dam Elementary,276,NA,NA,NA,NA,-78.527968,35.821232
27610,Bertie High,276,NA,NA,NA,NA,-76.946064,35.998493
27610,Barwell Road Elementary,276,NA,NA,NA,NA,-78.55514199,35.73248298
27604,Brentwood Elementary,276,3426 Ingram Dr,Raleigh,27604,Wake,-78.59682841,35.83044292
27604,Brentwood Elementary,276,3426 Ingram Dr,Raleigh,27604,Wake,-78.59682841,35.83044292
27609,Brentwood Elementary,276,3426 Ingram Dr,Raleigh,27604,Wake,-78.59682841,35.83044292
27613,Brentwood Elementary,276,3426 Ingram Dr,Raleigh,27604,Wake,-78.59682841,35.83044292
27604,Brentwood Elementary,276,3426 Ingram Dr,Raleigh,27604,Wake,-78.59682841,35.83044292
27609,Brentwood Elementary,276,3426 Ingram Dr,Raleigh,27604,Wake,-78.59682841,35.83044292
27604,Brentwood Elementary,276,3426 Ingram Dr,Raleigh,27604,Wake,-78.59682841,35.83044292
27604,Brentwood Elementary,276,3426 Ingram Dr,Raleigh,27604,Wake,-78.59682841,35.83044292
27609,Brentwood Elementary,276,3426 Ingram Dr,Raleigh,27604,Wake,-78.59682841,35.83044292
27604,Brentwood Elementary,276,3426 Ingram Dr,Raleigh,27604,Wake,-78.59682841,35.83044292
27604,Brentwood Elementary,276,3426 Ingram Dr,Raleigh,27604,Wake,-78.59682841,35.83044292
27604,Brentwood Elementary,276,3426 Ingram Dr,Raleigh,27604,Wake,-78.59682841,35.83044292
27607,Brentwood Elementary,276,NA,NA,NA,NA,-78.59682841,35.83044292
27511,Briarcliff Elementary,275,1220 Pond St,Cary,27511,Wake,-78.78735934,35.76878058
27511,Briarcliff Elementary,275,1220 Pond St,Cary,27511,Wake,-78.78735934,35.76878058
27511,Briarcliff Elementary,275,1220 Pond St,Cary,27511,Wake,-78.78735934,35.76878058
27610,Briarcliff Elementary,276,NA,NA,NA,NA,-78.78735934,35.76878058
27612,Brier Creek Elementary,276,9801 Brier Creek Parkway,Raleigh,27617,Wake,-78.80520597,35.90166521
27613,Brier Creek Elementary,276,9801 Brier Creek Parkway,Raleigh,27617,Wake,-78.80520597,35.90166521
27545,Brier Creek Elementary,275,NA,NA,NA,NA,-78.80520597,35.90166521
27612,Brier Creek Elementary,276,9801 Brier Creek Parkway,Raleigh,27617,Wake,-78.80520597,35.90166521
27612,Brier Creek Elementary,276,9801 Brier Creek Parkway,Raleigh,27617,Wake,-78.80520597,35.90166521
27613,Brier Creek Elementary,276,9801 Brier Creek Parkway,Raleigh,27617,Wake,-78.80520597,35.90166521
27545,Brier Creek Elementary,275,NA,NA,NA,NA,-78.80520597,35.90166521
27612,Brier Creek Elementary,276,9801 Brier Creek Parkway,Raleigh,27617,Wake,-78.80520597,35.90166521
27612,Brier Creek Elementary,276,9801 Brier Creek Parkway,Raleigh,27617,Wake,-78.80520597,35.90166521
27511,Brier Creek Elementary,275,NA,NA,NA,NA,-78.80520597,35.90166521
27511,Brier Creek Elementary,275,NA,NA,NA,NA,-78.80520597,35.90166521
27707,Brogden Middle,277,1001 Leon Street,Durham,27704,Durham,-78.90759176,36.02526918
27707,Brogden Middle,277,1001 Leon Street,Durham,27704,Durham,-78.90759176,36.02526918
27616,Brooks Elementary,276,700 Northbrook Dr,Raleigh,27609,Wake,-78.65430329,35.84459025
27610,Brooks Elementary,276,700 Northbrook Dr,Raleigh,27609,Wake,-78.65430329,35.84459025
27610,Brooks Elementary,276,700 Northbrook Dr,Raleigh,27609,Wake,-78.65430329,35.84459025
27616,Brooks Elementary,276,700 Northbrook Dr,Raleigh,27609,Wake,-78.65430329,35.84459025
27616,Brooks Elementary,276,700 Northbrook Dr,Raleigh,27609,Wake,-78.65430329,35.84459025
27610,Brooks Elementary,276,700 Northbrook Dr,Raleigh,27609,Wake,-78.65430329,35.84459025
27610,Brooks Elementary,276,700 Northbrook Dr,Raleigh,27609,Wake,-78.65430329,35.84459025
27609,Brooks Elementary,276,700 Northbrook Dr,Raleigh,27609,Wake,-78.65430329,35.84459025
27616,Brooks Elementary,276,700 Northbrook Dr,Raleigh,27609,Wake,-78.65430329,35.84459025
27604,Brooks Elementary,276,700 Northbrook Dr,Raleigh,27609,Wake,-78.65430329,35.84459025
27606,Brooks Elementary,276,700 Northbrook Dr,Raleigh,27609,Wake,-78.65430329,35.84459025
27606,Bugg Elementary,276,825 Cooper Rd,Raleigh,27610,Wake,-78.58684241,35.7658582
27604,Bugg Elementary,276,825 Cooper Rd,Raleigh,27610,Wake,-78.58684241,35.7658582
27606,Bugg Elementary,276,825 Cooper Rd,Raleigh,27610,Wake,-78.58684241,35.7658582
27610,Bugg Elementary,276,825 Cooper Rd,Raleigh,27610,Wake,-78.58684241,35.7658582
27606,Bugg Elementary,276,825 Cooper Rd,Raleigh,27610,Wake,-78.58684241,35.7658582
27610,Bugg Elementary,276,825 Cooper Rd,Raleigh,27610,Wake,-78.58684241,35.7658582
27606,Bugg Elementary,276,825 Cooper Rd,Raleigh,27610,Wake,-78.58684241,35.7658582
27604,Bunn Middle,276,NA,NA,NA,NA,-78.263737,35.975016
27610,Carnage Middle,276,NA,NA,NA,NA,-78.263737,35.975016
27604,Carpenter Elementary,276,NA,NA,NA,NA,-78.86688168,35.81405691
27511,Carpenter Elementary,275,2100 Morrisville Parkway,Cary,27519,Wake,-78.86688168,35.81405691
27560,Carpenter Elementary,275,2100 Morrisville Parkway,Cary,27519,Wake,-78.86688168,35.81405691
27511,Carpenter Elementary,275,2100 Morrisville Parkway,Cary,27519,Wake,-78.86688168,35.81405691
27610,Carroll Middle,276,4520 Six Forks Rd,Raleigh,27609,Wake,-78.64245866,35.84299563
27610,Carroll Middle,276,4520 Six Forks Rd,Raleigh,27609,Wake,-78.64245866,35.84299563
27612,Carroll Middle,276,4520 Six Forks Rd,Raleigh,27609,Wake,-78.64245866,35.84299563
27610,Carroll Middle,276,4520 Six Forks Rd,Raleigh,27609,Wake,-78.64245866,35.84299563
27609,Carroll Middle,276,4520 Six Forks Rd,Raleigh,27609,Wake,-78.64245866,35.84299563
27606,Carroll Middle,276,4520 Six Forks Rd,Raleigh,27609,Wake,-78.64245866,35.84299563
27609,Carroll Middle,276,4520 Six Forks Rd,Raleigh,27609,Wake,-78.64245866,35.84299563
27609,Carroll Middle,276,4520 Six Forks Rd,Raleigh,27609,Wake,-78.64245866,35.84299563
27591,Carver Elementary,275,291 LilesDean Rd,Wendell,27591,Wake,-78.38710884,35.79143553
27591,Carver Elementary,275,291 LilesDean Rd,Wendell,27591,Wake,-78.38710884,35.79143553
27529,Cary Elementary,275,400 Kildaire Farm Road,Cary,27511,Wake,-78.78093133,35.78165225
27529,Cary Elementary,275,400 Kildaire Farm Road,Cary,27511,Wake,-78.78093133,35.78165225
27511,Cary High,275,638 Walnut St,Cary,27511,Wake,-78.76602133,35.77279257
27606,Cary High,276,NA,NA,NA,NA,-78.76602133,35.77279257
27511,Cary High,275,638 Walnut St,Cary,27511,Wake,-78.76602133,35.77279257
27513,Cary High,275,638 Walnut St,Cary,27511,Wake,-78.76602133,35.77279257
27529,Cary High,275,638 Walnut St,Cary,27511,Wake,-78.76602133,35.77279257
27511,Cary High,275,638 Walnut St,Cary,27511,Wake,-78.76602133,35.77279257
27511,Cary High,275,638 Walnut St,Cary,27511,Wake,-78.76602133,35.77279257
27511,Cary High,275,638 Walnut St,Cary,27511,Wake,-78.76602133,35.77279257
27610,Centennial Campus Middle,276,1900 Main Campus Drive,Raleigh,27606,Wake,-78.68839289,35.75841515
27610,Centennial Campus Middle,276,1900 Main Campus Drive,Raleigh,27606,Wake,-78.68839289,35.75841515
27603,Centennial Campus Middle,276,1900 Main Campus Drive,Raleigh,27606,Wake,-78.68839289,35.75841515
27609,Centennial Campus Middle,276,1900 Main Campus Drive,Raleigh,27606,Wake,-78.68839289,35.75841515
27604,Centennial Campus Middle,276,1900 Main Campus Drive,Raleigh,27606,Wake,-78.68839289,35.75841515
27601,Centennial Campus Middle,276,1900 Main Campus Drive,Raleigh,27606,Wake,-78.68839289,35.75841515
27610,Central Wake High,276,NA,NA,NA,NA,-78.612885,35.761785
27614,Central Wake High,276,NA,NA,NA,NA,-78.612885,35.761785
27614,Central Wake High,276,NA,NA,NA,NA,-78.612885,35.761785
27610,Charles B Aycock High,276,NA,NA,NA,NA,-77.979843,35.509312
27529,Cleveland High,275,1892 Polenta Rd,Clayton,27520,Johnston,-78.50002591,35.55331362
27529,Cleveland High,275,1892 Polenta Rd,Clayton,27520,Johnston,-78.50002591,35.55331362
27606,Combs Elementary,276,2001 Lorimer Rd,Raleigh,27606,Wake,-78.70199971,35.7748634
27604,Combs Elementary,276,2001 Lorimer Rd,Raleigh,27606,Wake,-78.70199971,35.7748634
27610,Combs Elementary,276,2001 Lorimer Rd,Raleigh,27606,Wake,-78.70199971,35.7748634
27604,Combs Elementary,276,2001 Lorimer Rd,Raleigh,27606,Wake,-78.70199971,35.7748634
27610,Conn Elementary,276,1220 Brookside Dr,Raleigh,27604,Wake,-78.62360879,35.79632231
27610,Conn Elementary,276,1220 Brookside Dr,Raleigh,27604,Wake,-78.62360879,35.79632231
27616,Conn Elementary,276,1220 Brookside Dr,Raleigh,27604,Wake,-78.62360879,35.79632231
27608,Conn Elementary,276,1220 Brookside Dr,Raleigh,27604,Wake,-78.62360879,35.79632231
27519,Conn Elementary,275,NA,NA,NA,NA,-78.62360879,35.79632231
27610,Conn Elementary,276,1220 Brookside Dr,Raleigh,27604,Wake,-78.62360879,35.79632231
27603,Conn Elementary,276,1220 Brookside Dr,Raleigh,27604,Wake,-78.62360879,35.79632231
27612,Conn Elementary,276,1220 Brookside Dr,Raleigh,27604,Wake,-78.62360879,35.79632231
27610,Conn Elementary,276,1220 Brookside Dr,Raleigh,27604,Wake,-78.62360879,35.79632231
27610,Conn Elementary,276,1220 Brookside Dr,Raleigh,27604,Wake,-78.62360879,35.79632231
27610,Conn Elementary,276,1220 Brookside Dr,Raleigh,27604,Wake,-78.62360879,35.79632231
27610,Conn Elementary,276,1220 Brookside Dr,Raleigh,27604,Wake,-78.62360879,35.79632231
27612,Conn Elementary,276,1220 Brookside Dr,Raleigh,27604,Wake,-78.62360879,35.79632231
27610,Conn Elementary,276,1220 Brookside Dr,Raleigh,27604,Wake,-78.62360879,35.79632231
27601,Conn Elementary,276,1220 Brookside Dr,Raleigh,27604,Wake,-78.62360879,35.79632231
27604,Corinth Holders High,276,NA,NA,NA,NA,-78.338104,35.725607
27615,Creech Road Elementary,276,NA,NA,NA,NA,-78.599883,35.715011
27606,Creech Road Elementary,276,NA,NA,NA,NA,-78.599883,35.715011
27529,Creech Road Elementary,275,450 Creech Rd,Garner,27529,Wake,-78.60165196,35.71476209
27529,Creech Road Elementary,275,450 Creech Rd,Garner,27529,Wake,-78.60165196,35.71476209
27610,Creech Road Elementary,276,NA,NA,NA,NA,-78.599883,35.715011
27610,Creech Road Elementary,276,NA,NA,NA,NA,-78.599883,35.715011
27610,Creech Road Elementary,276,NA,NA,NA,NA,-78.599883,35.715011
27610,Creech Road Elementary,276,NA,NA,NA,NA,-78.599883,35.715011
27603,Crosby Garfield Center,276,NA,NA,NA,NA,-78.629714,35.772429
27604,Daniels Middle,276,2816 Oberlin Rd,Raleigh,27608,Wake,-78.65715085,35.81329834
27609,Daniels Middle,276,2816 Oberlin Rd,Raleigh,27608,Wake,-78.65715085,35.81329834
27511,Davis Drive Middle,275,2101 Davis Drive,Cary,27519,Wake,-78.85044613,35.77748695
27603,Dillar Drive Elementary,276,NA,NA,NA,NA,-78.722956,35.752339
27603,Dillard Drive Elementary,276,5018 Dillard Drive,Raleigh,27606,Wake,-78.72300697,35.7516858
27610,Dillard Drive Elementary,276,5018 Dillard Drive,Raleigh,27606,Wake,-78.72300697,35.7516858
27610,Dillard Drive Elementary,276,5018 Dillard Drive,Raleigh,27606,Wake,-78.72300697,35.7516858
27604,Dillard Drive Elementary,276,5018 Dillard Drive,Raleigh,27606,Wake,-78.72300697,35.7516858
27603,Dillard Drive Elementary,276,5018 Dillard Drive,Raleigh,27606,Wake,-78.72300697,35.7516858
27603,Dillard Drive Elementary,276,5018 Dillard Drive,Raleigh,27606,Wake,-78.72300697,35.7516858
27603,Dillard Drive Elementary,276,5018 Dillard Drive,Raleigh,27606,Wake,-78.72300697,35.7516858
27539,Dillard Drive Elementary,275,NA,NA,NA,NA,-78.72300697,35.7516858
27539,Dillard Drive Elementary,275,NA,NA,NA,NA,-78.72300697,35.7516858
27539,Dillard Drive Elementary,275,NA,NA,NA,NA,-78.72300697,35.7516858
27610,Dillard Drive Middle,276,5200 Dillard Drive,Raleigh,27606,Wake,-78.72508166,35.75218212
27604,Dillard Drive Middle,276,5200 Dillard Drive,Raleigh,27606,Wake,-78.72508166,35.75218212
27606,Dillard Drive Middle,276,5200 Dillard Drive,Raleigh,27606,Wake,-78.72508166,35.75218212
27603,Dillard Drive Middle,276,5200 Dillard Drive,Raleigh,27606,Wake,-78.72508166,35.75218212
27607,Dillard Drive Middle,276,5200 Dillard Drive,Raleigh,27606,Wake,-78.72508166,35.75218212
27603,Dillard Drive Middle,276,5200 Dillard Drive,Raleigh,27606,Wake,-78.72508166,35.75218212
27607,Dillard Drive Middle,276,5200 Dillard Drive,Raleigh,27606,Wake,-78.72508166,35.75218212
27606,Dillard Drive Middle,276,5200 Dillard Drive,Raleigh,27606,Wake,-78.72508166,35.75218212
27610,Dillard Drive Middle,276,5200 Dillard Drive,Raleigh,27606,Wake,-78.72508166,35.75218212
27610,Dillard Drive Middle,276,NA,NA,NA,NA,-78.72508166,35.75218212
27591,Dixon Elementary,275,NA,NA,NA,NA,-77.443395,34.559561
27591,Dixon Middle,275,NA,NA,NA,NA,-77.436002,34.54303
27610,Douglas Elementary,276,600 Ortega Rd,Raleigh,27609,Wake,-78.629697,35.84078475
27604,Douglas Elementary,276,600 Ortega Rd,Raleigh,27609,Wake,-78.629697,35.84078475
27610,Douglas Elementary,276,600 Ortega Rd,Raleigh,27609,Wake,-78.629697,35.84078475
27604,Douglas Elementary,276,600 Ortega Rd,Raleigh,27609,Wake,-78.629697,35.84078475
27615,Douglas Elementary,276,600 Ortega Rd,Raleigh,27609,Wake,-78.629697,35.84078475
27616,Douglas Elementary,276,600 Ortega Rd,Raleigh,27609,Wake,-78.629697,35.84078475
27615,Douglas Elementary,276,600 Ortega Rd,Raleigh,27609,Wake,-78.629697,35.84078475
27610,Durant Road Elementary,276,NA,NA,NA,NA,-78.58027177,35.90029872
27604,Durant Road Middle,276,NA,NA,NA,NA,-78.58771477,35.90345425
27604,Durant Road Elementary,276,9901 Durant Rd,Raleigh,27614,Wake,-78.58027177,35.90029872
27610,Durant Road Elementary,276,9901 Durant Rd,Raleigh,27614,Wake,-78.58027177,35.90029872
27604,Durant Road Elementary,276,9901 Durant Rd,Raleigh,27614,Wake,-78.58027177,35.90029872
27610,Durant Road Middle,276,10401 Durant Rd,Raleigh,27614,Wake,-78.58771477,35.90345425
27610,Durant Road Middle,276,10401 Durant Rd,Raleigh,27614,Wake,-78.58771477,35.90345425
27513,East Cary Middle,275,1111 SE Maynard Road,Cary,27511,Wake,-78.76596513,35.77973363
27606,East Cary Middle,276,NA,NA,NA,NA,-78.76596513,35.77973363
27610,East Cary Middle,276,NA,NA,NA,NA,-78.76596513,35.77973363
27606,East Clayton Elementary,276,NA,NA,NA,NA,-78.402564,35.649025
27610,East Garner Elementary,276,NA,NA,NA,NA,-78.58769042,35.70773229
27601,East Garner Elementary,276,NA,NA,NA,NA,-78.58769042,35.70773229
27612,East Garner Elementary,276,NA,NA,NA,NA,-78.58769042,35.70773229
27610,East Garner Elementary,276,NA,NA,NA,NA,-78.58769042,35.70773229
27601,East Garner Elementary,276,NA,NA,NA,NA,-78.58769042,35.70773229
27610,East Garner Elementary,276,NA,NA,NA,NA,-78.58769042,35.70773229
27603,East Garner Elementary,276,NA,NA,NA,NA,-78.58769042,35.70773229
27529,East Garner Elementary,275,5545 Jones Sausage Road,Garner,27529,Wake,-78.58769042,35.70773229
27610,East Garner Elementary,276,NA,NA,NA,NA,-78.58769042,35.70773229
27529,East Garner Elementary,275,5545 Jones Sausage Road,Garner,27529,Wake,-78.58769042,35.70773229
27610,East Garner Elementary,276,NA,NA,NA,NA,-78.58769042,35.70773229
27601,East Garner Middle,276,NA,NA,NA,NA,-78.58609285,35.70234529
27518,East Garner Middle,275,6301 Jones Sausage Rd,Garner,27529,Wake,-78.58609285,35.70234529
27610,East Garner Middle,276,NA,NA,NA,NA,-78.58609285,35.70234529
27606,East Garner Middle,276,NA,NA,NA,NA,-78.58609285,35.70234529
27529,East Garner Middle,275,6301 Jones Sausage Rd,Garner,27529,Wake,-78.58609285,35.70234529
27606,East Garner Middle,276,NA,NA,NA,NA,-78.58609285,35.70234529
27615,East Millbrook Middle,276,3801 Spring Forest Rd,Raleigh,27616,Wake,-78.57340124,35.85752459
27604,East Millbrook Middle,276,3801 Spring Forest Rd,Raleigh,27616,Wake,-78.57340124,35.85752459
27604,East Millbrook Middle,276,3801 Spring Forest Rd,Raleigh,27616,Wake,-78.57340124,35.85752459
27604,East Millbrook Middle,276,3801 Spring Forest Rd,Raleigh,27616,Wake,-78.57340124,35.85752459
27610,East Millbrook Middle,276,3801 Spring Forest Rd,Raleigh,27616,Wake,-78.57340124,35.85752459
27604,East Millbrook Middle,276,3801 Spring Forest Rd,Raleigh,27616,Wake,-78.57340124,35.85752459
27605,East Millbrook Middle,276,3801 Spring Forest Rd,Raleigh,27616,Wake,-78.57340124,35.85752459
27604,East Millbrook Middle,276,3801 Spring Forest Rd,Raleigh,27616,Wake,-78.57340124,35.85752459
27605,East Millbrook Middle,276,3801 Spring Forest Rd,Raleigh,27616,Wake,-78.57340124,35.85752459
27604,East Millbrook Middle,276,3801 Spring Forest Rd,Raleigh,27616,Wake,-78.57340124,35.85752459
27605,East Millbrook Middle,276,3801 Spring Forest Rd,Raleigh,27616,Wake,-78.57340124,35.85752459
27605,East Millbrook Middle,276,3801 Spring Forest Rd,Raleigh,27616,Wake,-78.57340124,35.85752459
27616,East Wake High,276,NA,NA,NA,NA,-78.424657,35.810901
27597,East Wake High,275,NA,NA,NA,NA,-78.424657,35.810901
27597,East Wake High,275,NA,NA,NA,NA,-78.424657,35.810901
27610,East Wake Middle,276,2700 Old Milburnie Rd,Raleigh,27604,Wake,-78.50216515,35.82634257
27606,Farmington Woods Elementary,276,NA,NA,NA,NA,-78.774601,35.757938
27614,Forest Pine Elementary,276,NA,NA,NA,NA,-78.547887,35.953001
27587,Forestville Road Elementary,275,100 Lawson Ridge Road,Knightdale,27545,Wake,-78.48183103,35.81061728
27591,Forestville Road Elementary,275,100 Lawson Ridge Road,Knightdale,27545,Wake,-78.48183103,35.81061728
27591,Forestville Road Elementary,275,100 Lawson Ridge Road,Knightdale,27545,Wake,-78.48183103,35.81061728
27545,Forestville Road Elementary,275,100 Lawson Ridge Road,Knightdale,27545,Wake,-78.48183103,35.81061728
27587,Forestville Road Elementary,275,100 Lawson Ridge Road,Knightdale,27545,Wake,-78.48183103,35.81061728
27591,Forestville Road Elementary,275,100 Lawson Ridge Road,Knightdale,27545,Wake,-78.48183103,35.81061728
27591,Forestville Road Elementary,275,100 Lawson Ridge Road,Knightdale,27545,Wake,-78.48183103,35.81061728
27610,Forestville Road Elementary,276,NA,NA,NA,NA,-78.48183103,35.81061728
27610,Forestville Road Elementary,276,NA,NA,NA,NA,-78.48183103,35.81061728
27604,Fox Road Elementary,276,7101 Fox Rd,Raleigh,27616,Wake,-78.55536134,35.87293249
27604,Fox Road Elementary,276,7101 Fox Rd,Raleigh,27616,Wake,-78.55536134,35.87293249
27616,Fox Road Elementary,276,7101 Fox Rd,Raleigh,27616,Wake,-78.55536134,35.87293249
27604,Fox Road Elementary,276,7101 Fox Rd,Raleigh,27616,Wake,-78.55536134,35.87293249
27616,Fox Road Elementary,276,7101 Fox Rd,Raleigh,27616,Wake,-78.55536134,35.87293249
27604,Fox Road Elementary,276,7101 Fox Rd,Raleigh,27616,Wake,-78.55536134,35.87293249
27610,Fuller Elementary,276,806 Calloway Dr,Raleigh,27610,Wake,-78.6249919,35.75462714
27610,Fuquay Elementary,276,NA,NA,NA,NA,-78.624624,35.754595
27526,Fuquay Middle,275,"109 N Ennis St, Fuquay-Varina",NA,27526,NA,-78.793945,35.585551
27591,Garner Elementary,275,NA,NA,NA,NA,-78.586756,35.707615
27610,Garner High,276,NA,NA,NA,NA,-78.635447,35.710765
27604,Garner High,276,NA,NA,NA,NA,-78.635447,35.710765
27518,Garner High,275,2101 Spring Dr,Garner,27529,Wake,-78.63531493,35.71096834
27610,Garner Middle,276,NA,NA,NA,NA,-78.585247,35.701989
27529,Garner Middle,275,NA,NA,NA,NA,-78.585247,35.701989
27610,Green Elementary,276,5307 Six Forks Rd,Raleigh,27609,Wake,-78.64383137,35.85460442
27610,Green Elementary,276,5307 Six Forks Rd,Raleigh,27609,Wake,-78.64383137,35.85460442
27610,Green Elementary,276,5307 Six Forks Rd,Raleigh,27609,Wake,-78.64383137,35.85460442
27615,Green Elementary,276,5307 Six Forks Rd,Raleigh,27609,Wake,-78.64383137,35.85460442
27609,Green Elementary,276,5307 Six Forks Rd,Raleigh,27609,Wake,-78.64383137,35.85460442
27523,Green Level High,275,NA,NA,NA,NA,-78.899993,35.771273
27545,Harris Creek Elementary,275,NA,NA,NA,NA,-78.51204,35.873077
27610,Heritage Elementary,276,NA,NA,NA,NA,-78.511773,35.94689
27587,Heritage Elementary,275,3500 Rogers Road,Wake Forest,27587,Wake,-78.51180832,35.94665031
27587,Heritage Elementary,275,3500 Rogers Road,Wake Forest,27587,Wake,-78.51180832,35.94665031
27587,Heritage Elementary,275,3500 Rogers Road,Wake Forest,27587,Wake,-78.51180832,35.94665031
27616,Heritage Elementary,276,NA,NA,NA,NA,-78.51180832,35.94665031
27610,Heritage Elementary,276,NA,NA,NA,NA,-78.51180832,35.94665031
27587,Heritage Elementary,275,3500 Rogers Road,Wake Forest,27587,Wake,-78.51180832,35.94665031
27587,Heritage Elementary,275,3500 Rogers Road,Wake Forest,27587,Wake,-78.51180832,35.94665031
27587,Heritage Elementary,275,3500 Rogers Road,Wake Forest,27587,Wake,-78.51180832,35.94665031
27587,Heritage Elementary,275,3500 Rogers Road,Wake Forest,27587,Wake,-78.51180832,35.94665031
27587,Heritage Elementary,275,3500 Rogers Road,Wake Forest,27587,Wake,-78.51180832,35.94665031
27610,Heritage High,276,NA,NA,NA,NA,-78.511335,35.941665
27604,Heritage High,276,NA,NA,NA,NA,-78.511335,35.941665
27587,Heritage Middle,275,3400 Rogers Road,Wake Forest,27587,Wake,-78.51138853,35.94928693
27587,Heritage Middle,275,3400 Rogers Road,Wake Forest,27587,Wake,-78.51138853,35.94928693
27587,Heritage Middle,275,3400 Rogers Road,Wake Forest,27587,Wake,-78.51138853,35.94928693
27587,Heritage Middle,275,3400 Rogers Road,Wake Forest,27587,Wake,-78.51138853,35.94928693
27587,Heritage Middle,275,3400 Rogers Road,Wake Forest,27587,Wake,-78.51138853,35.94928693
27604,Heritage Middle,276,NA,NA,NA,NA,-78.51138853,35.94928693
27604,Hodge Road Elementary,276,NA,NA,NA,NA,-78.522634,35.776369
27610,Hodge Road Elementary,276,NA,NA,NA,NA,-78.522634,35.776369
27610,Hodge Road Elementary,276,NA,NA,NA,NA,-78.522634,35.776369
27610,Hodge Road Elementary,276,NA,NA,NA,NA,-78.522634,35.776369
27610,Hodge Road Elementary,276,NA,NA,NA,NA,-78.522634,35.776369
27612,Hodge Road Elementary,276,NA,NA,NA,NA,-78.522634,35.776369
27604,Hodge Road Elementary,276,NA,NA,NA,NA,-78.522634,35.776369
27610,Hodge Road Elementary,276,NA,NA,NA,NA,-78.522634,35.776369
27610,Hodge Road Elementary,276,NA,NA,NA,NA,-78.522634,35.776369
27610,Hodge Road Elementary,276,NA,NA,NA,NA,-78.522634,35.776369
27610,Hodge Road Elementary,276,NA,NA,NA,NA,-78.522634,35.776369
27592,Holly Grove Middle,275,1401 Avent Ferry Road,Holly Springs,27540,Wake,-78.85109102,35.63229739
27603,Holly Grove Middle,276,NA,NA,NA,NA,-78.85109102,35.63229739
27603,Holly Grove Middle,276,NA,NA,NA,NA,-78.85109102,35.63229739
27610,Holly Ridge Middle,276,NA,NA,NA,NA,-78.85109102,35.63229739
27540,Holly Ridge Middle,275,950 Holly Springs Road,Holly Springs,27540,Wake,-78.81529674,35.65470548
27502,Holly Ridge Middle,275,950 Holly Springs Road,Holly Springs,27540,Wake,-78.81529674,35.65470548
27610,Holly Ridge Middle,276,NA,NA,NA,NA,-78.81529674,35.65470548
27502,Holly Ridge Middle,275,950 Holly Springs Road,Holly Springs,27540,Wake,-78.81529674,35.65470548
27601,Hunter Elementary,276,1018 E Davie St,Raleigh,27601,Wake,-78.6228971,35.77477673
27607,Hunter Elementary,276,1018 E Davie St,Raleigh,27601,Wake,-78.6228971,35.77477673
27610,Hunter Elementary,276,1018 E Davie St,Raleigh,27601,Wake,-78.6228971,35.77477673
27613,Hunter Elementary,276,1018 E Davie St,Raleigh,27601,Wake,-78.6228971,35.77477673
27610,Hunter Elementary,276,1018 E Davie St,Raleigh,27601,Wake,-78.6228971,35.77477673
27529,Hunter Elementary,275,NA,NA,NA,NA,-78.6228971,35.77477673
27601,Hunter Elementary,276,1018 E Davie St,Raleigh,27601,Wake,-78.6228971,35.77477673
27601,Hunter Elementary,276,1018 E Davie St,Raleigh,27601,Wake,-78.6228971,35.77477673
27610,Hunter Elementary,276,1018 E Davie St,Raleigh,27601,Wake,-78.6228971,35.77477673
27603,Hunter Elementary,276,1018 E Davie St,Raleigh,27601,Wake,-78.6228971,35.77477673
27610,Hunter Elementary,276,1018 E Davie St,Raleigh,27601,Wake,-78.6228971,35.77477673
27610,Hunter Elementary,276,1018 E Davie St,Raleigh,27601,Wake,-78.6228971,35.77477673
27540,Jeffreys Grove Elementary,275,NA,NA,NA,NA,-78.68106237,35.86808134
27605,Jeffreys Grove Elementary,276,6119 Creedmoor Rd,Raleigh,27612,Wake,-78.68106237,35.86808134
27587,Jones Dairy Elementary,275,1100 Jones Dairy Road,Wake Forest,27587,Wake,-78.47148306,35.95031699
27587,Jones Dairy Elementary,275,1100 Jones Dairy Road,Wake Forest,27587,Wake,-78.47148306,35.95031699
27587,Jones Dairy Elementary,275,1100 Jones Dairy Road,Wake Forest,27587,Wake,-78.47148306,35.95031699
27608,Joyner Elementary,276,2300 Lowden St.,Raleigh,27608,Wake,-78.63293523,35.81269916
27601,Joyner Elementary,276,2300 Lowden St.,Raleigh,27608,Wake,-78.63293523,35.81269916
27604,Joyner Elementary,276,2300 Lowden St.,Raleigh,27608,Wake,-78.63293523,35.81269916
27601,Joyner Elementary,276,2300 Lowden St.,Raleigh,27608,Wake,-78.63293523,35.81269916
27604,Joyner Elementary,276,2300 Lowden St.,Raleigh,27608,Wake,-78.63293523,35.81269916
27606,Joyner Elementary,276,2300 Lowden St.,Raleigh,27608,Wake,-78.63293523,35.81269916
27601,Joyner Elementary,276,2300 Lowden St.,Raleigh,27608,Wake,-78.63293523,35.81269916
27604,Joyner Elementary,276,2300 Lowden St.,Raleigh,27608,Wake,-78.63293523,35.81269916
27604,Joyner Elementary,276,2300 Lowden St.,Raleigh,27608,Wake,-78.63293523,35.81269916
27511,Kinswood Elementary,275,NA,NA,NA,NA,-78.778313,35.792841
27529,Knightdale Elementary,275,109 Ridge St,Knightdale,27545,Wake,-78.47872693,35.78477933
27591,Knightdale Elementary,275,109 Ridge St,Knightdale,27545,Wake,-78.47872693,35.78477933
27616,Knightdale Elementary,276,NA,NA,NA,NA,-78.47872693,35.78477933
27545,Knightdale Elementary,275,109 Ridge St,Knightdale,27545,Wake,-78.47872693,35.78477933
27545,Knightdale Elementary,275,109 Ridge St,Knightdale,27545,Wake,-78.47872693,35.78477933
27591,Knightdale Elementary,275,109 Ridge St,Knightdale,27545,Wake,-78.47872693,35.78477933
27545,Knightdale Elementary,275,109 Ridge St,Knightdale,27545,Wake,-78.47872693,35.78477933
27591,Knightdale High,275,100 Bryan Chalk Lane,Knightdale,27545,Wake,-78.47614412,35.81064533
27604,Knightdale High,276,NA,NA,NA,NA,-78.47623,35.810406
27610,Knightdale High,276,NA,NA,NA,NA,-78.47623,35.810406
27545,Knightdale High,275,100 Bryan Chalk Lane,Knightdale,27545,Wake,-78.47614412,35.81064533
27610,Knightdale High,276,NA,NA,NA,NA,-78.47614412,35.81064533
27545,Knightdale High,275,100 Bryan Chalk Lane,Knightdale,27545,Wake,-78.47614412,35.81064533
27610,Knightdale High,276,NA,NA,NA,NA,-78.47614412,35.81064533
27545,Knightdale High,275,100 Bryan Chalk Lane,Knightdale,27545,Wake,-78.47614412,35.81064533
27604,Knightdale High,276,NA,NA,NA,NA,-78.47614412,35.81064533
27545,Knightdale High,275,100 Bryan Chalk Lane,Knightdale,27545,Wake,-78.47614412,35.81064533
27610,Knightdale High,276,NA,NA,NA,NA,-78.47614412,35.81064533
27604,Knightdale High,276,NA,NA,NA,NA,-78.47614412,35.81064533
27610,Lacy Elementary,276,2001 Lake Boone Trail,Raleigh,27607,Wake,-78.6797555,35.8143084
27610,Lacy Elementary,276,2001 Lake Boone Trail,Raleigh,27607,Wake,-78.6797555,35.8143084
27610,Lacy Elementary,276,2001 Lake Boone Trail,Raleigh,27607,Wake,-78.6797555,35.8143084
27610,Lacy Elementary,276,2001 Lake Boone Trail,Raleigh,27607,Wake,-78.6797555,35.8143084
27607,Lacy Elementary,276,2001 Lake Boone Trail,Raleigh,27607,Wake,-78.6797555,35.8143084
27610,Lake Myra Elementary,276,NA,NA,NA,NA,-78.429808,35.761684
27591,Lake Myra Elementary,275,1300 Elk Falls Rd,Wendell,27591,Wake,-78.4300571,35.76186235
27610,Laurel Park Elementary,276,NA,NA,NA,NA,-78.826762,35.758715
27610,Laurel Park Elementary,276,NA,NA,NA,NA,-78.826762,35.758715
27610,Laurel Park Elementary,276,NA,NA,NA,NA,-78.826762,35.758715
27610,Laurel Park Elementary,276,NA,NA,NA,NA,-78.826762,35.758715
27603,Lead Mind Elementary,276,NA,NA,NA,NA,-78.656308,35.891578
27610,Leesville Road Elementary,276,8401 Leesville Rd,Raleigh,27613,Wake,-78.71858727,35.88788665
27610,Leesville Road Elementary,276,8401 Leesville Rd,Raleigh,27613,Wake,-78.71858727,35.88788665
27610,Leesville Road Elementary,276,8401 Leesville Rd,Raleigh,27613,Wake,-78.71858727,35.88788665
27610,Leesville Road Elementary,276,8401 Leesville Rd,Raleigh,27613,Wake,-78.71858727,35.88788665
27610,Leesville Road Elementary,276,8401 Leesville Rd,Raleigh,27613,Wake,-78.71858727,35.88788665
27606,Leesville Road Elementary,276,8401 Leesville Rd,Raleigh,27613,Wake,-78.71858727,35.88788665
27610,Leesville Road Elementary,276,8401 Leesville Rd,Raleigh,27613,Wake,-78.71858727,35.88788665
27610,Leesville Road Elementary,276,8401 Leesville Rd,Raleigh,27613,Wake,-78.71858727,35.88788665
27610,Leesville Road Elementary,276,8401 Leesville Rd,Raleigh,27613,Wake,-78.71858727,35.88788665
27610,Leesville Road Elementary,276,8401 Leesville Rd,Raleigh,27613,Wake,-78.71858727,35.88788665
27610,Leesville Road Elementary,276,8401 Leesville Rd,Raleigh,27613,Wake,-78.71858727,35.88788665
27610,Leesville Road Elementary,276,8401 Leesville Rd,Raleigh,27613,Wake,-78.71858727,35.88788665
27612,Leesville Road High,276,8409 Leesville Rd,Raleigh,27613,Wake,-78.71850433,35.89082954
27610,Leesville Road High,276,8409 Leesville Rd,Raleigh,27613,Wake,-78.71850433,35.89082954
27610,Leesville Road High,276,8409 Leesville Rd,Raleigh,27613,Wake,-78.71850433,35.89082954
27616,Leesville Road Middle,276,8405 Leesville Rd,Raleigh,27613,Wake,-78.71856353,35.88921505
27606,Leesville Road Middle,276,8405 Leesville Rd,Raleigh,27613,Wake,-78.71856353,35.88921505
27610,Leesville Road Middle,276,8405 Leesville Rd,Raleigh,27613,Wake,-78.71856353,35.88921505
27613,Leesville Road Middle,276,8405 Leesville Rd,Raleigh,27613,Wake,-78.71856353,35.88921505
27610,Leesville Road Middle,276,8405 Leesville Rd,Raleigh,27613,Wake,-78.71856353,35.88921505
27610,Leesville Road Middle,276,8405 Leesville Rd,Raleigh,27613,Wake,-78.71856353,35.88921505
27613,Leesville Road Middle,276,8405 Leesville Rd,Raleigh,27613,Wake,-78.71856353,35.88921505
27610,Leesville Road Middle,276,8405 Leesville Rd,Raleigh,27613,Wake,-78.71856353,35.88921505
27610,Leesville Road Middle,276,8405 Leesville Rd,Raleigh,27613,Wake,-78.71856353,35.88921505
27612,Ligon Magnet Middle,276,NA,NA,NA,NA,-78.626561,35.772318
27528,Ligon Middle,275,NA,NA,NA,NA,-78.626561,35.772318
27606,Ligon Middle,276,706 E Lenoir St,Raleigh,27601,Wake,-78.62651529,35.77205862
27609,Ligon Middle,276,706 E Lenoir St,Raleigh,27601,Wake,-78.62651529,35.77205862
27610,Ligon Middle,276,706 E Lenoir St,Raleigh,27601,Wake,-78.62651529,35.77205862
27610,Ligon Middle,276,706 E Lenoir St,Raleigh,27601,Wake,-78.62651529,35.77205862
27610,Ligon Middle,276,706 E Lenoir St,Raleigh,27601,Wake,-78.62651529,35.77205862
27610,Ligon Middle,276,706 E Lenoir St,Raleigh,27601,Wake,-78.62651529,35.77205862
27526,Lincoln Heights Elementary,275,307 Bridge St,Fuquay-Varina,27526,Wake,-78.80930987,35.58976488
27610,Lockhart Elementary,276,NA,NA,NA,NA,-78.4856,35.802796
27545,Lockhart Elementary,275,1320 N Smithfield Rd,Knightdale,27545,Wake,-78.48538514,35.80380982
27545,Lockhart Elementary,275,1320 N Smithfield Rd,Knightdale,27545,Wake,-78.48538514,35.80380982
27610,Lockhart Elementary,276,NA,NA,NA,NA,-78.48538514,35.80380982
27545,Lockhart Elementary,275,1320 N Smithfield Rd,Knightdale,27545,Wake,-78.48538514,35.80380982
27545,Lockhart Elementary,275,1320 N Smithfield Rd,Knightdale,27545,Wake,-78.48538514,35.80380982
27609,Longleaf Academy,276,NA,NA,NA,NA,-79.361494,35.197381
27610,Longview,276,318 N King Charles Rd,Raleigh,27610,Wake,-78.61035585,35.78537734
27587,Longview,275,NA,NA,NA,NA,-78.61035585,35.78537734
27610,Lufkin Road Middle,276,NA,NA,NA,NA,-78.829917,35.719924
27610,Lufkin Road Middle,276,NA,NA,NA,NA,-78.829917,35.719924
27610,Lufkin Road Middle,276,NA,NA,NA,NA,-78.829917,35.719924
27610,Lufkin Road Middle,276,NA,NA,NA,NA,-78.829917,35.719924
27603,Lufkin Road Middle,276,NA,NA,NA,NA,-78.829917,35.719924
27612,Lynn Road Elementary,276,NA,NA,NA,NA,-78.667502,35.870453
27609,Lynn Road Elementary,276,1601 Lynn Rd,Raleigh,27612,Wake,-78.6674676,35.87093692
27609,Lynn Road Elementary,276,1601 Lynn Rd,Raleigh,27612,Wake,-78.6674676,35.87093692
27609,Lynn Road Elementary,276,1601 Lynn Rd,Raleigh,27612,Wake,-78.6674676,35.87093692
27609,Lynn Road Elementary,276,1601 Lynn Rd,Raleigh,27612,Wake,-78.6674676,35.87093692
27609,Lynn Road Elementary,276,1601 Lynn Rd,Raleigh,27612,Wake,-78.6674676,35.87093692
27607,Martin Middle,276,1701 Ridge Rd,Raleigh,27607,Wake,-78.68533761,35.81192726
27610,Martin Middle,276,1701 Ridge Rd,Raleigh,27607,Wake,-78.68533761,35.81192726
27610,Martin Middle,276,1701 Ridge Rd,Raleigh,27607,Wake,-78.68533761,35.81192726
27610,Martin Middle,276,1701 Ridge Rd,Raleigh,27607,Wake,-78.68533761,35.81192726
27610,Martin Middle,276,1701 Ridge Rd,Raleigh,27607,Wake,-78.68533761,35.81192726
27603,Mary Phillips High,276,NA,NA,NA,NA,-78.616175,35.788353
27606,Meredith College,276,NA,NA,NA,NA,-78.687897,35.79449
27603,Middle Creek High,276,NA,NA,NA,NA,-78.75992922,35.66648264
27603,Middle Creek High,276,NA,NA,NA,NA,-78.75992922,35.66648264
27603,Middle Creek High,276,NA,NA,NA,NA,-78.75992922,35.66648264
27587,Middle Creek High,275,123 Middle Creek Park Avenue,Apex,27539,Wake,-78.75992922,35.66648264
27603,Middle Creek High,276,NA,NA,NA,NA,-78.75992922,35.66648264
27601,Millbrook Elementary,276,1520 E Millbrook Rd,Raleigh,27609,Wake,-78.61076826,35.84947818
27703,Millbrook Elementary,277,NA,NA,NA,NA,-78.61076826,35.84947818
27610,Millbrook Elementary,276,1520 E Millbrook Rd,Raleigh,27609,Wake,-78.61076826,35.84947818
27601,Millbrook Elementary,276,1520 E Millbrook Rd,Raleigh,27609,Wake,-78.61076826,35.84947818
27529,Millbrook Elementary,275,NA,NA,NA,NA,-78.61076826,35.84947818
27612,Millbrook Elementary,276,1520 E Millbrook Rd,Raleigh,27609,Wake,-78.61076826,35.84947818
27529,Millbrook Elementary,275,NA,NA,NA,NA,-78.61076826,35.84947818
27607,Millbrook Elementary,276,1520 E Millbrook Rd,Raleigh,27609,Wake,-78.61076826,35.84947818
27529,Millbrook Elementary,275,NA,NA,NA,NA,-78.61076826,35.84947818
27616,Millbrook High,276,2201 Spring Forest Rd,Raleigh,27615,Wake,-78.6035689,35.86502448
27610,Millbrook High,276,2201 Spring Forest Rd,Raleigh,27615,Wake,-78.6035689,35.86502448
27604,Millbrook High,276,2201 Spring Forest Rd,Raleigh,27615,Wake,-78.6035689,35.86502448
27610,Millbrook High,276,2201 Spring Forest Rd,Raleigh,27615,Wake,-78.6035689,35.86502448
27609,Millbrook High,276,2201 Spring Forest Rd,Raleigh,27615,Wake,-78.6035689,35.86502448
27529,Millbrook High,275,NA,NA,NA,NA,-78.6035689,35.86502448
27610,Millbrook High,276,2201 Spring Forest Rd,Raleigh,27615,Wake,-78.6035689,35.86502448
27609,Millbrook High,276,2201 Spring Forest Rd,Raleigh,27615,Wake,-78.6035689,35.86502448
27615,Millbrook High,276,2201 Spring Forest Rd,Raleigh,27615,Wake,-78.6035689,35.86502448
27529,Mills Park Middle,275,441 Mills Park Drive,Cary,27519,Wake,-78.89699618,35.81324037
27604,Moores Square Middle,276,NA,NA,NA,NA,-78.634824,35.776584
27587,Needham Broughton High,275,NA,NA,NA,NA,-78.65238541,35.78979483
27606,Needham Broughton High,276,723 Saint Mary's St,Raleigh,27605,Wake,-78.65238541,35.78979483
27610,Needham Broughton High,276,723 Saint Mary's St,Raleigh,27605,Wake,-78.65238541,35.78979483
27607,Needham Broughton High,276,723 Saint Mary's St,Raleigh,27605,Wake,-78.65238541,35.78979483
27545,Needham Broughton High,275,NA,NA,NA,NA,-78.65238541,35.78979483
27606,Needham Broughton High,276,723 Saint Mary's St,Raleigh,27605,Wake,-78.65238541,35.78979483
27545,Needham Broughton High,275,NA,NA,NA,NA,-78.65238541,35.78979483
27610,Needham Broughton High,276,723 Saint Mary's St,Raleigh,27605,Wake,-78.65238541,35.78979483
27610,Needham Broughton High,276,723 Saint Mary's St,Raleigh,27605,Wake,-78.65238541,35.78979483
27545,Needham Broughton High,275,NA,NA,NA,NA,-78.65238541,35.78979483
27545,Needham Broughton High,275,NA,NA,NA,NA,-78.65238541,35.78979483
27610,Needham Broughton High,276,723 Saint Mary's St,Raleigh,27605,Wake,-78.65238541,35.78979483
27545,Needham Broughton High,275,NA,NA,NA,NA,-78.65238541,35.78979483
27545,Needham Broughton High,275,NA,NA,NA,NA,-78.65238541,35.78979483
27587,Needham Broughton High,275,NA,NA,NA,NA,-78.65238541,35.78979483
27545,Neuse River Middle,275,NA,NA,NA,NA,-78.502097,35.825713
27612,Oak Grove Elementary,276,10401 Penny Road,Raleigh,27606,Wake,-78.78290124,35.71413232
27610,Oak Grove Elementary,276,10401 Penny Road,Raleigh,27606,Wake,-78.78290124,35.71413232
27612,Oak Grove Elementary,276,10401 Penny Road,Raleigh,27606,Wake,-78.78290124,35.71413232
27518,Oak Grove Elementary,275,NA,NA,NA,NA,-78.78290124,35.71413232
27518,Oak Grove Elementary,275,NA,NA,NA,NA,-78.78290124,35.71413232
27616,Oberlin Middle,276,NA,NA,NA,NA,-78.656811,35.813121
27610,Oberlin Middle,276,NA,NA,NA,NA,-78.656811,35.813121
27610,Oberlin Middle,276,NA,NA,NA,NA,-78.656811,35.813121
27610,Oberlin Middle,276,NA,NA,NA,NA,-78.656811,35.813121
27608,Oberlin Middle,276,NA,NA,NA,NA,-78.656811,35.813121
27616,Oberlin Middle,276,NA,NA,NA,NA,-78.656811,35.813121
27604,Oberlin Middle,276,NA,NA,NA,NA,-78.656811,35.813121
27610,Oberlin Middle,276,NA,NA,NA,NA,-78.656811,35.813121
27609,Oberlin Middle,276,NA,NA,NA,NA,-78.656811,35.813121
27604,Oberlin Middle,276,NA,NA,NA,NA,-78.656811,35.813121
27610,Oberlin Middle,276,NA,NA,NA,NA,-78.656811,35.813121
27610,Oberlin Middle,276,NA,NA,NA,NA,-78.656811,35.813121
27545,Oberlin Middle,275,NA,NA,NA,NA,-78.656811,35.813121
27545,Oberlin Middle,275,NA,NA,NA,NA,-78.656811,35.813121
27610,Oberlin Middle,276,NA,NA,NA,NA,-78.656811,35.813121
27545,Oberlin Middle,275,NA,NA,NA,NA,-78.656811,35.813121
27545,Oberlin Middle,275,NA,NA,NA,NA,-78.656811,35.813121
27603,Olds Elementary,276,204 Dixie Trail,Raleigh,27607,Wake,-78.67520851,35.79363835
28306,Olds Elementary,283,NA,NA,NA,NA,-78.675145,35.793701
27607,Olds Elementary,276,204 Dixie Trail,Raleigh,27607,Wake,-78.67520851,35.79363835
27601,Olds Elementary,276,204 Dixie Trail,Raleigh,27607,Wake,-78.67520851,35.79363835
27603,Olds Elementary,276,204 Dixie Trail,Raleigh,27607,Wake,-78.67520851,35.79363835
28306,Olds Elementary,283,NA,NA,NA,NA,-78.67520851,35.79363835
27609,Olds Elementary,276,204 Dixie Trail,Raleigh,27607,Wake,-78.67520851,35.79363835
27601,Olds Elementary,276,204 Dixie Trail,Raleigh,27607,Wake,-78.67520851,35.79363835
27603,Olds Elementary,276,204 Dixie Trail,Raleigh,27607,Wake,-78.67520851,35.79363835
28306,Olds Elementary,283,NA,NA,NA,NA,-78.67520851,35.79363835
27502,Olive Chappell Elementary,275,NA,NA,NA,NA,-78.894432,35.73479
27523,Panther Creek High,275,6770 McCrimmon Parkway,Cary,27519,Wake,-78.88842224,35.82987272
27610,Parker Middle,276,NA,NA,NA,NA,-77.774663,35.951883
27604,Partnership Elementary,276,601 Devereux Street,Raleigh,27605,Wake,-78.64713263,35.79003782
27604,Partnership Elementary,276,601 Devereux Street,Raleigh,27605,Wake,-78.64713263,35.79003782
27529,Partnership Elementary,275,NA,NA,NA,NA,-78.64713263,35.79003782
27604,Partnership Elementary,276,601 Devereux Street,Raleigh,27605,Wake,-78.64713263,35.79003782
27610,Partnership Elementary,276,601 Devereux Street,Raleigh,27605,Wake,-78.64713263,35.79003782
27610,Partnership Elementary,276,601 Devereux Street,Raleigh,27605,Wake,-78.64713263,35.79003782
27529,Pave Elementary,275,NA,NA,NA,NA,-78.619384,35.736869
27529,Pave Elementary,275,NA,NA,NA,NA,-78.619384,35.736869
27610,Pave Elementary,276,NA,NA,NA,NA,-78.619384,35.736869
27603,Penny Road Elementary,276,NA,NA,NA,NA,-78.79768,35.71536
27603,Penny Road Elementary,276,NA,NA,NA,NA,-78.79768,35.71536
27603,Phillips High,276,1923 Milburnie Rd,Raleigh,27610,Wake,-78.616226,35.78831521
27604,Phillips High,276,1923 Milburnie Rd,Raleigh,27610,Wake,-78.616226,35.78831521
27614,Forest Pine Elementary,276,NA,NA,NA,NA,-78.547887,35.953001
27614,Forest Pine Elementary,276,NA,NA,NA,NA,-78.547887,35.953001
27612,Pleasant Grove Elementary,276,NA,NA,NA,NA,-78.820766,35.887427
27612,Pleasant Grove Elementary,276,NA,NA,NA,NA,-78.820766,35.887427
27615,Pleasant Union Elementary,276,1900 Pleasant Union Chr Rd,Raleigh,27614,Wake,-78.67336243,35.95031113
27560,Plymouth High,275,NA,NA,NA,NA,-76.738468,35.870177
27529,Powell Elementary,275,NA,NA,NA,NA,-78.603236,35.795352
27610,Powell Elementary,276,1130 Marlborough Rd,Raleigh,27610,Wake,-78.60369696,35.79551071
27601,Powell Elementary,276,1130 Marlborough Rd,Raleigh,27610,Wake,-78.60369696,35.79551071
27610,Powell Elementary,276,1130 Marlborough Rd,Raleigh,27610,Wake,-78.60369696,35.79551071
27610,Powell Elementary,276,1130 Marlborough Rd,Raleigh,27610,Wake,-78.60369696,35.79551071
27610,Powell Elementary,276,1130 Marlborough Rd,Raleigh,27610,Wake,-78.60369696,35.79551071
27610,Powell Elementary,276,1130 Marlborough Rd,Raleigh,27610,Wake,-78.60369696,35.79551071
27529,Powell Elementary,275,NA,NA,NA,NA,-78.60369696,35.79551071
27601,Powell Elementary,276,1130 Marlborough Rd,Raleigh,27610,Wake,-78.60369696,35.79551071
27610,Powell Elementary,276,1130 Marlborough Rd,Raleigh,27610,Wake,-78.60369696,35.79551071
27610,Powell Elementary,276,1130 Marlborough Rd,Raleigh,27610,Wake,-78.60369696,35.79551071
27610,Powell Elementary,276,1130 Marlborough Rd,Raleigh,27610,Wake,-78.60369696,35.79551071
27610,Powell Elementary,276,1130 Marlborough Rd,Raleigh,27610,Wake,-78.60369696,35.79551071
27601,Powell Elementary,276,1130 Marlborough Rd,Raleigh,27610,Wake,-78.60369696,35.79551071
27610,Powell Elementary,276,1130 Marlborough Rd,Raleigh,27610,Wake,-78.60369696,35.79551071
27610,Powell Elementary,276,1130 Marlborough Rd,Raleigh,27610,Wake,-78.60369696,35.79551071
27606,Powell Elementary,276,1130 Marlborough Rd,Raleigh,27610,Wake,-78.60369696,35.79551071
27610,Powell Elementary,276,1130 Marlborough Rd,Raleigh,27610,Wake,-78.60369696,35.79551071
27610,Princeton Elementary,276,NA,NA,NA,NA,-78.176483,35.46474
27610,Rand Road Elementary,276,NA,NA,NA,NA,-78.616555,35.655549
27603,Rand Road Elementary,276,NA,NA,NA,NA,-78.616555,35.655549
27587,Reedy Creek Elementary,275,940 Reedy Creek Road,Cary,27513,Wake,-78.76583637,35.81258558
27587,Reedy Creek Elementary,275,940 Reedy Creek Road,Cary,27513,Wake,-78.76583637,35.81258558
27607,Reedy Creek Elementary,276,NA,NA,NA,NA,-78.76583637,35.81258558
27603,Reedy Creek Elementary,276,NA,NA,NA,NA,-78.76583637,35.81258558
27606,Reedy Creek Elementary,276,NA,NA,NA,NA,-78.76583637,35.81258558
27606,Reedy Creek Elementary,276,NA,NA,NA,NA,-78.76583637,35.81258558
27513,Reedy Creek Middle,275,930 Reedy Creek Road,Cary,27513,Wake,-78.76865676,35.8127826
27612,Reedy Creek Middle,276,NA,NA,NA,NA,-78.76865676,35.8127826
27587,Richland Creek Elementary,275,The Dubois Center,Wake Forest,27587,Wake,-78.49850216,35.98545966
27587,Richland Creek Elementary,275,The Dubois Center,Wake Forest,27587,Wake,-78.49850216,35.98545966
27587,Richland Creek Elementary,275,The Dubois Center,Wake Forest,27587,Wake,-78.49850216,35.98545966
27587,Richland Creek Elementary,275,The Dubois Center,Wake Forest,27587,Wake,-78.49850216,35.98545966
27587,Richland Elementary,275,NA,NA,NA,NA,-78.5163,36.006045
27604,River Bend Elementary,276,6710 Perry Creek Road,Raleigh,27616,Wake,-78.53762182,35.86479228
27612,River Bend Elementary,276,6710 Perry Creek Road,Raleigh,27616,Wake,-78.53762182,35.86479228
27606,River Bend Elementary,276,6710 Perry Creek Road,Raleigh,27616,Wake,-78.53762182,35.86479228
27609,River Bend Elementary,276,6710 Perry Creek Road,Raleigh,27616,Wake,-78.53762182,35.86479228
27606,River Bend Elementary,276,6710 Perry Creek Road,Raleigh,27616,Wake,-78.53762182,35.86479228
27610,River Bend Middle,276,NA,NA,NA,NA,-78.531491,35.861975
27616,River Bend Middle,276,NA,NA,NA,NA,-78.531491,35.861975
27616,River Bend Middle,276,NA,NA,NA,NA,-78.531491,35.861975
27610,River Bend Middle,276,NA,NA,NA,NA,-78.531491,35.861975
27545,River Bend Middle,275,NA,NA,NA,NA,-78.531491,35.861975
27610,River Bend Middle,276,NA,NA,NA,NA,-78.531491,35.861975
27610,River Bend Middle,276,NA,NA,NA,NA,-78.531491,35.861975
27610,River Bend Middle,276,NA,NA,NA,NA,-78.531491,35.861975
27614,River Bend Middle,276,NA,NA,NA,NA,-78.531491,35.861975
27707,Riverside High,277,3218 Rose of Sharon Road,Durham,27712,Durham,-78.94302947,36.06557822
27529,Riverwood Middle,275,204 Athletic Club Blvd,Clayton,27527,Johnston,-78.42139349,35.69308211
27518,Riverwood Middle,275,204 Athletic Club Blvd,Clayton,27527,Johnston,-78.42139349,35.69308211
27610,Rogers Lane Elementary,276,NA,NA,NA,NA,-78.547086,35.777661
27610,Rogers Lane Elementary,276,NA,NA,NA,NA,-78.547086,35.777661
27610,Rogers Lane Elementary,276,NA,NA,NA,NA,-78.547086,35.777661
27610,Rogers Lane Elementary,276,NA,NA,NA,NA,-78.547086,35.777661
28306,Rogers Lane Elementary,283,NA,NA,NA,NA,-78.547086,35.777661
27604,Rogers Lane Elementary,276,NA,NA,NA,NA,-78.547086,35.777661
27610,Rogers Lane Elementary,276,NA,NA,NA,NA,-78.547086,35.777661
27604,Rogers Lane Elementary,276,NA,NA,NA,NA,-78.547086,35.777661
27610,Rogers Lane Elementary,276,NA,NA,NA,NA,-78.547086,35.777661
27610,Rogers Lane Elementary,276,NA,NA,NA,NA,-78.547086,35.777661
27609,Root Elementary,276,3202 Northampton Street,Raleigh,27609,Wake,-78.65092637,35.8253143
27601,Root Elementary,276,3202 Northampton Street,Raleigh,27609,Wake,-78.65092637,35.8253143
27613,Root Elementary,276,3202 Northampton Street,Raleigh,27609,Wake,-78.65092637,35.8253143
27601,Root Elementary,276,3202 Northampton Street,Raleigh,27609,Wake,-78.65092637,35.8253143
27606,Root Elementary,276,3202 Northampton Street,Raleigh,27609,Wake,-78.65092637,35.8253143
27601,Root Elementary,276,3202 Northampton Street,Raleigh,27609,Wake,-78.65092637,35.8253143
27616,Root Elementary,276,3202 Northampton Street,Raleigh,27609,Wake,-78.65092637,35.8253143
27610,Root Elementary,276,3202 Northampton Street,Raleigh,27609,Wake,-78.65092637,35.8253143
27603,Salem Elementary,276,NA,NA,NA,NA,-78.850597,35.75608
27539,Salem Middle,275,6150 Old Jenks Road,Apex,27523,Wake,-78.84856998,35.75788175
27603,Salem Middle,276,NA,NA,NA,NA,-78.848263,35.758236
27539,Salem Middle,275,6150 Old Jenks Road,Apex,27523,Wake,-78.84856998,35.75788175
27513,Salem Middle,275,6150 Old Jenks Road,Apex,27523,Wake,-78.84856998,35.75788175
27612,Sanderson High,276,5500 Dixon Drive,Raleigh,27609,Wake,-78.64787914,35.86065558
27606,Sanderson High,276,5500 Dixon Drive,Raleigh,27609,Wake,-78.64787914,35.86065558
27606,Sanderson High,276,5500 Dixon Drive,Raleigh,27609,Wake,-78.64787914,35.86065558
27612,Sanderson High,276,5500 Dixon Drive,Raleigh,27609,Wake,-78.64787914,35.86065558
27609,Score Academy,276,NA,NA,NA,NA,-78.654703,35.722873
27610,Smith Elementary,276,1101 Maxwell Drive,Raleigh,27603,Wake,-78.6533629,35.71229629
27603,Smith Elementary,276,1101 Maxwell Drive,Raleigh,27603,Wake,-78.6533629,35.71229629
27604,Smith Elementary,276,1101 Maxwell Drive,Raleigh,27603,Wake,-78.6533629,35.71229629
27610,Smith Elementary,276,1101 Maxwell Drive,Raleigh,27603,Wake,-78.6533629,35.71229629
27606,Smith Elementary,276,1101 Maxwell Drive,Raleigh,27603,Wake,-78.6533629,35.71229629
27529,Smith Elementary,275,NA,NA,NA,NA,-78.6533629,35.71229629
27529,Smith Elementary,275,NA,NA,NA,NA,-78.6533629,35.71229629
27610,Smith Elementary,276,1101 Maxwell Drive,Raleigh,27603,Wake,-78.6533629,35.71229629
27610,Smith Elementary,276,1101 Maxwell Drive,Raleigh,27603,Wake,-78.6533629,35.71229629
27610,Smith Elementary,276,1101 Maxwell Drive,Raleigh,27603,Wake,-78.6533629,35.71229629
27529,Smith Elementary,275,NA,NA,NA,NA,-78.6533629,35.71229629
27610,South Garner High,276,NA,NA,NA,NA,-78.579529,35.656882
27610,South Garner High,276,NA,NA,NA,NA,-78.579529,35.656882
27610,South Garner High,276,NA,NA,NA,NA,-78.579529,35.656882
27606,South Garner High,276,NA,NA,NA,NA,-78.579529,35.656882
27610,South Garner High,276,NA,NA,NA,NA,-78.579529,35.656882
27603,South Garner High,276,NA,NA,NA,NA,-78.579529,35.656882
27610,South Garner High,276,NA,NA,NA,NA,-78.579529,35.656882
27601,Southeast High,276,NA,NA,NA,NA,-79.69774,35.972514
27610,Southeast Raleigh Elementary,276,NA,NA,NA,NA,-78.615766,35.761007
27610,Southeast Raleigh Elementary,276,NA,NA,NA,NA,-78.615766,35.761007
27610,Southeast Raleigh Elementary,276,NA,NA,NA,NA,-78.615766,35.761007
27610,Southeast Raleigh Elementary,276,NA,NA,NA,NA,-78.615766,35.761007
27610,Southeast Raleigh Elementary,276,NA,NA,NA,NA,-78.615766,35.761007
27610,Southeast Raleigh High,276,2600 Rock Quarry Road,Raleigh,27610,Wake,-78.60440325,35.74632692
27610,Southeast Raleigh High,276,2600 Rock Quarry Road,Raleigh,27610,Wake,-78.60440325,35.74632692
27604,Southeast Raleigh High,276,2600 Rock Quarry Road,Raleigh,27610,Wake,-78.60440325,35.74632692
27610,Southeast Raleigh High,276,2600 Rock Quarry Road,Raleigh,27610,Wake,-78.60440325,35.74632692
27601,Southeast Raleigh High,276,2600 Rock Quarry Road,Raleigh,27610,Wake,-78.60440325,35.74632692
27610,Southeast Raleigh High,276,2600 Rock Quarry Road,Raleigh,27610,Wake,-78.60440325,35.74632692
27610,Stough Elementary,276,4210 Edwards Mill Rd,Raleigh,27612,Wake,-78.6921256,35.83600255
27610,Stough Elementary,276,4210 Edwards Mill Rd,Raleigh,27612,Wake,-78.6921256,35.83600255
27610,Stough Elementary,276,4210 Edwards Mill Rd,Raleigh,27612,Wake,-78.6921256,35.83600255
27603,Swift Creek Elementary,276,5601 Tryon Rd,Raleigh,27606,Wake,-78.7336896,35.74513537
27607,Swift Creek Elementary,276,5601 Tryon Rd,Raleigh,27606,Wake,-78.7336896,35.74513537
27518,Timber Drive Elementary,275,1601 Timber Drive,Garner,27529,Wake,-78.63552352,35.69012765
27610,Torchlight Academy,276,3211 Bramer Drive,Raleigh,27604,Wake,-78.60656931,35.82698458
27601,Turner Creek Elementary,276,NA,NA,NA,NA,-78.875293,35.772915
27511,Turner Creek Elementary,275,6801 Turner Creek Road,Cary,27519,Wake,-78.87486852,35.77293032
27601,Turner Creek Elementary,276,NA,NA,NA,NA,-78.87486852,35.77293032
27511,Turner Creek Elementary,275,6801 Turner Creek Road,Cary,27519,Wake,-78.87486852,35.77293032
27613,Underwood Elementary,276,1614 Glenwood Avenue,Raleigh,27608,Wake,-78.64535752,35.80231424
27613,Underwood Elementary,276,1614 Glenwood Avenue,Raleigh,27608,Wake,-78.64535752,35.80231424
27610,Underwood Elementary,276,1614 Glenwood Avenue,Raleigh,27608,Wake,-78.64535752,35.80231424
27609,Underwood Elementary,276,1614 Glenwood Avenue,Raleigh,27608,Wake,-78.64535752,35.80231424
27610,Underwood Elementary,276,1614 Glenwood Avenue,Raleigh,27608,Wake,-78.64535752,35.80231424
27610,Underwood Elementary,276,1614 Glenwood Avenue,Raleigh,27608,Wake,-78.64535752,35.80231424
27606,United Methodist,276,NA,NA,NA,NA,-79.053222,35.913291
27610,Vandora Springs Elementary,276,NA,NA,NA,NA,-78.62915,35.699211
27610,Vandora Springs Elementary,276,NA,NA,NA,NA,-78.62915,35.699211
27610,Vandora Springs Elementary,276,NA,NA,NA,NA,-78.62915,35.699211
27545,Vick Elementary,275,NA,NA,NA,NA,-77.896352,35.719989
27545,Vick Elementary,275,NA,NA,NA,NA,-77.896352,35.719989
27545,Vick Elementary,275,NA,NA,NA,NA,-77.896352,35.719989
27612,Vinson Bynum Elementary,276,NA,NA,NA,NA,-77.9404,35.720212
27591,Wake Early College of Health and Science,275,NA,NA,NA,NA,-78.584547,35.785016
27591,Wake Early College of Health and Science,275,NA,NA,NA,NA,-78.584547,35.785016
27587,Wake Forest Elementary,275,136 W Sycamore Avenue,Wake Forest,27587,Wake,-78.51415688,35.97595966
27587,Wake Forest Elementary,275,136 W Sycamore Avenue,Wake Forest,27587,Wake,-78.51415688,35.97595966
27587,Wake Forest Elementary,275,136 W Sycamore Avenue,Wake Forest,27587,Wake,-78.51415688,35.97595966
27587,Wake Forest Elementary,275,136 W Sycamore Avenue,Wake Forest,27587,Wake,-78.51415688,35.97595966
27587,Wake Forest Elementary,275,136 W Sycamore Avenue,Wake Forest,27587,Wake,-78.51415688,35.97595966
27507,Wake Forest Elementary,275,136 W Sycamore Avenue,Wake Forest,27587,Wake,-78.51415688,35.97595966
27549,Wake Forest Elementary,275,136 W Sycamore Avenue,Wake Forest,27587,Wake,-78.51415688,35.97595966
27587,Wake Forest Elementary,275,136 W Sycamore Avenue,Wake Forest,27587,Wake,-78.51415688,35.97595966
27587,Wake Forest Elementary,275,136 W Sycamore Avenue,Wake Forest,27587,Wake,-78.51415688,35.97595966
27587,Wake Forest Elementary,275,136 W Sycamore Avenue,Wake Forest,27587,Wake,-78.51415688,35.97595966
27587,Wake Forest Elementary,275,136 W Sycamore Avenue,Wake Forest,27587,Wake,-78.51415688,35.97595966
27587,Wake Forest Elementary,275,136 W Sycamore Avenue,Wake Forest,27587,Wake,-78.51415688,35.97595966
27587,Wake Forest Elementary,275,136 W Sycamore Avenue,Wake Forest,27587,Wake,-78.51415688,35.97595966
27616,Wake Forest Elementary,276,NA,NA,NA,NA,-78.51415688,35.97595966
27507,Wake Forest Elementary,275,136 W Sycamore Avenue,Wake Forest,27587,Wake,-78.51415688,35.97595966
27549,Wake Forest Elementary,275,136 W Sycamore Avenue,Wake Forest,27587,Wake,-78.51415688,35.97595966
27587,Wake Forest Elementary,275,136 W Sycamore Avenue,Wake Forest,27587,Wake,-78.51415688,35.97595966
27587,Wake Forest Elementary,275,136 W Sycamore Avenue,Wake Forest,27587,Wake,-78.51415688,35.97595966
27587,Wake Forest Elementary,275,136 W Sycamore Avenue,Wake Forest,27587,Wake,-78.51415688,35.97595966
27616,Wake Forest Elementary,276,NA,NA,NA,NA,-78.51415688,35.97595966
27616,Wake Forest Elementary,276,NA,NA,NA,NA,-78.51415688,35.97595966
27587,Wake Forest Elementary,275,136 W Sycamore Avenue,Wake Forest,27587,Wake,-78.51415688,35.97595966
27587,Wake Forest Elementary,275,136 W Sycamore Avenue,Wake Forest,27587,Wake,-78.51415688,35.97595966
27616,Wake Forest Elementary,276,NA,NA,NA,NA,-78.51415688,35.97595966
27587,Wake Forest Elementary,275,136 W Sycamore Avenue,Wake Forest,27587,Wake,-78.51415688,35.97595966
27616,Wake Forest High,276,NA,NA,NA,NA,-78.515309,35.98479
27587,Wake Forest High,275,NA,NA,NA,NA,-78.515309,35.98479
27587,Wake Forest High,275,NA,NA,NA,NA,-78.515309,35.98479
27616,Wake Forest High,276,NA,NA,NA,NA,-78.515309,35.98479
27610,Wake Forest High,276,NA,NA,NA,NA,-78.515309,35.98479
27587,Wake Forest High,275,NA,NA,NA,NA,-78.515309,35.98479
27591,Wake Forest Middle,275,NA,NA,NA,NA,-78.528521,35.954068
27616,Wake Forest Middle,276,NA,NA,NA,NA,-78.528521,35.954068
27616,Wake Forest Middle,276,NA,NA,NA,NA,-78.528521,35.954068
27587,Wake Forest Middle,275,NA,NA,NA,NA,-78.528521,35.954068
27587,Wake Forest Middle,275,NA,NA,NA,NA,-78.528521,35.954068
27587,Wake Forest Middle,275,NA,NA,NA,NA,-78.528521,35.954068
27587,Wake Forest Middle,275,NA,NA,NA,NA,-78.528521,35.954068
27587,Wake Forest Middle,275,NA,NA,NA,NA,-78.528521,35.954068
27703,Wakefield Elementary,277,NA,NA,NA,NA,-78.56791,35.945858
27587,Wakefield Elementary,275,NA,NA,NA,NA,-78.56791,35.945858
27604,Wakefield High,276,2200 Wakefield Pines Drive,Raleigh,27614,Wake,-78.57042689,35.94797337
27616,Wakefield High,276,2200 Wakefield Pines Drive,Raleigh,27614,Wake,-78.57042689,35.94797337
27587,Wakefield Middle,275,NA,NA,NA,NA,-78.56953,35.945773
27597,Wakelon Elementary,275,8921 Pippin Rd,Zebulon,27597,Wake,-78.39411422,35.8044714
27597,Wakelon Elementary,275,8921 Pippin Rd,Zebulon,27597,Wake,-78.39411422,35.8044714
27597,Wakelon Elementary,275,8921 Pippin Rd,Zebulon,27597,Wake,-78.39411422,35.8044714
27604,Wakelon Elementary,276,NA,NA,NA,NA,-78.39411422,35.8044714
27597,Wakelon Elementary,275,8921 Pippin Rd,Zebulon,27597,Wake,-78.39411422,35.8044714
27616,Wakelon Elementary,276,NA,NA,NA,NA,-78.39411422,35.8044714
27597,Wakelon Elementary,275,8921 Pippin Rd,Zebulon,27597,Wake,-78.39411422,35.8044714
27529,Walnut Creek ES,275,2600 Sunnybrook Rd,Raleigh,27610,Wake,-78.58734992,35.7453802
27609,Walnut Creek ES,276,2600 Sunnybrook Rd,Raleigh,27610,Wake,-78.58734992,35.7453802
27609,Walnut Creek ES,276,2600 Sunnybrook Rd,Raleigh,27610,Wake,-78.58734992,35.7453802
27601,Walnut Creek ES,276,2600 Sunnybrook Rd,Raleigh,27610,Wake,-78.58734992,35.7453802
27529,Walnut Creek ES,275,2600 Sunnybrook Rd,Raleigh,27610,Wake,-78.58734992,35.7453802
27610,Walnut Creek ES,276,2600 Sunnybrook Rd,Raleigh,27610,Wake,-78.58734992,35.7453802
27604,Walnut Creek ES,276,2600 Sunnybrook Rd,Raleigh,27610,Wake,-78.58734992,35.7453802
27529,Walnut Creek ES,275,NA,NA,NA,NA,-78.58734992,35.7453802
27609,Walnut Creek ES,276,2600 Sunnybrook Rd,Raleigh,27610,Wake,-78.58734992,35.7453802
27529,Walnut Creek ES,275,NA,NA,NA,NA,-78.58734992,35.7453802
27610,Walnut Creek ES,276,2600 Sunnybrook Rd,Raleigh,27610,Wake,-78.58734992,35.7453802
27610,Walnut Creek ES,276,2600 Sunnybrook Rd,Raleigh,27610,Wake,-78.58734992,35.7453802
27529,Walnut Creek ES,275,NA,NA,NA,NA,-78.58734992,35.7453802
27610,Walnut Creek ES,276,2600 Sunnybrook Rd,Raleigh,27610,Wake,-78.58734992,35.7453802
27610,Walnut Creek ES,276,2600 Sunnybrook Rd,Raleigh,27610,Wake,-78.58734992,35.7453802
27560,Washington County Middle,275,NA,NA,NA,NA,-76.610064,35.871627
27560,Washington County Middle,275,NA,NA,NA,NA,-76.610064,35.871627
27610,Washington Elementary,276,1000 Fayetteville St,Raleigh,27601,Wake,-78.64265531,35.7673302
27606,Washington Elementary,276,1000 Fayetteville St,Raleigh,27601,Wake,-78.64265531,35.7673302
27610,Washington Elementary,276,1000 Fayetteville St,Raleigh,27601,Wake,-78.64265531,35.7673302
27519,Weatherstone Elementary,275,1000 Olde Weatherstone Way,Cary,27513,Wake,-78.81127363,35.792122
27606,Weatherstone Elementary,276,NA,NA,NA,NA,-78.81127363,35.792122
27519,Weatherstone Elementary,275,1000 Olde Weatherstone Way,Cary,27513,Wake,-78.81127363,35.792122
27607,Weatherstone Elementary,276,NA,NA,NA,NA,-78.81127363,35.792122
27617,Wells Elementary,276,NA,NA,NA,NA,-77.917912,35.744847
27617,Wendell Elementary,276,NA,NA,NA,NA,-78.372046,35.785672
27616,Wendell Elementary,276,NA,NA,NA,NA,-78.372046,35.785672
27604,Wendell Elementary,276,NA,NA,NA,NA,-78.372046,35.785672
27610,Wendell Elementary,276,NA,NA,NA,NA,-78.372046,35.785672
27591,Wendell Elementary,275,3355 Wendell Blvd,Wendell,27591,Wake,-78.372046,35.785672
27617,Wendell Elementary,276,NA,NA,NA,NA,-78.372046,35.785672
27591,Wendell Elementary,275,3355 Wendell Blvd,Wendell,27591,Wake,-78.372046,35.785672
27604,Wendell Elementary,276,NA,NA,NA,NA,-78.372046,35.785672
27610,Wendell Elementary,276,NA,NA,NA,NA,-78.372046,35.785672
27617,Wendell Elementary,276,NA,NA,NA,NA,-78.372046,35.785672
27591,Wendell Elementary,275,3355 Wendell Blvd,Wendell,27591,Wake,-78.372046,35.785672
27545,Wendell Middle,275,3409 NC Highway 97,Wendell,27591,Wake,-78.39380383,35.80445605
27591,Wendell Middle,275,3409 NC Highway 97,Wendell,27591,Wake,-78.39380383,35.80445605
27545,Wendell Middle,275,3409 NC Highway 97,Wendell,27591,Wake,-78.39380383,35.80445605
27591,Wendell Middle,275,3409 NC Highway 97,Wendell,27591,Wake,-78.39380383,35.80445605
27591,Wendell Middle,275,3409 NC Highway 97,Wendell,27591,Wake,-78.39380383,35.80445605
27545,Wendell Middle,275,3409 NC Highway 97,Wendell,27591,Wake,-78.39380383,35.80445605
27545,Wendell Middle,275,3409 NC Highway 97,Wendell,27591,Wake,-78.39380383,35.80445605
27591,Wendell Middle,275,3409 NC Highway 97,Wendell,27591,Wake,-78.39380383,35.80445605
27591,Wendell Middle,275,3409 NC Highway 97,Wendell,27591,Wake,-78.39380383,35.80445605
27545,Wendell Middle,275,3409 NC Highway 97,Wendell,27591,Wake,-78.39380383,35.80445605
27610,West Lake Middle,276,NA,NA,NA,NA,-78.760451,35.660176
27610,West Lake Middle,276,NA,NA,NA,NA,-78.760451,35.660176
27610,West Millbrook Middle,276,8115 Strickland Rd,Raleigh,27615,Wake,-78.6302812,35.89258065
27606,West Millbrook Middle,276,8115 Strickland Rd,Raleigh,27615,Wake,-78.6302812,35.89258065
27610,West Millbrook Middle,276,8115 Strickland Rd,Raleigh,27615,Wake,-78.6302812,35.89258065
27604,West Millbrook Middle,276,8115 Strickland Rd,Raleigh,27615,Wake,-78.6302812,35.89258065
27609,West Millbrook Middle,276,8115 Strickland Rd,Raleigh,27615,Wake,-78.6302812,35.89258065
27609,West Millbrook Middle,276,8115 Strickland Rd,Raleigh,27615,Wake,-78.6302812,35.89258065
27529,West View Elementary,275,11755 Cleveland Road,Garner,27529,Johnston,-78.56077983,35.59321006
27529,West View Elementary,275,11755 Cleveland Road,Garner,27529,Johnston,-78.56077983,35.59321006
27610,Wilburn Elementary,276,3851 Spring Forest Rd,Raleigh,27616,Wake,-78.57557147,35.81942266
27604,Wilburn Elementary,276,3851 Spring Forest Rd,Raleigh,27616,Wake,-78.57557147,35.81942266
27604,Wilburn Elementary,276,3851 Spring Forest Rd,Raleigh,27616,Wake,-78.57557147,35.81942266
27607,Wilburn Elementary,276,3851 Spring Forest Rd,Raleigh,27616,Wake,-78.57557147,35.81942266
27616,Wilburn Elementary,276,3851 Spring Forest Rd,Raleigh,27616,Wake,-78.57557147,35.81942266
27610,Wilburn Elementary,276,3851 Spring Forest Rd,Raleigh,27616,Wake,-78.57557147,35.81942266
27601,Wilburn Elementary,276,3851 Spring Forest Rd,Raleigh,27616,Wake,-78.57557147,35.81942266
27610,Wilburn Elementary,276,3851 Spring Forest Rd,Raleigh,27616,Wake,-78.57557147,35.81942266
27610,Wilburn Elementary,276,3851 Spring Forest Rd,Raleigh,27616,Wake,-78.57557147,35.81942266
27601,Wilburn Elementary,276,3851 Spring Forest Rd,Raleigh,27616,Wake,-78.57557147,35.81942266
27603,Wilburn Elementary,276,3851 Spring Forest Rd,Raleigh,27616,Wake,-78.57557147,35.81942266
27607,Wilburn Elementary,276,3851 Spring Forest Rd,Raleigh,27616,Wake,-78.57557147,35.81942266
27612,Wildwood Forest Elementary,276,8401 Wildwood Forest Drive,Raleigh,27616,Wake,-78.55134979,35.89341949
27612,Wildwood Forest Elementary,276,8401 Wildwood Forest Drive,Raleigh,27616,Wake,-78.55134979,35.89341949
27616,Wildwood Forest Elementary,276,8401 Wildwood Forest Drive,Raleigh,27616,Wake,-78.55134979,35.89341949
27616,Wildwood Forest Elementary,276,8401 Wildwood Forest Drive,Raleigh,27616,Wake,-78.55134979,35.89341949
27616,Wildwood Forest Elementary,276,8401 Wildwood Forest Drive,Raleigh,27616,Wake,-78.55134979,35.89341949
27604,Wiley Elementary,276,301 Saint Mary's St,Raleigh,27605,Wake,-78.65135722,35.7850162
27610,William G Enloe High,276,128 Clarendon Crescent,Raleigh,27610,Wake,-78.60424213,35.78458703
27603,William G Enloe High,276,128 Clarendon Crescent,Raleigh,27610,Wake,-78.60424213,35.78458703
27610,William G Enloe High,276,128 Clarendon Crescent,Raleigh,27610,Wake,-78.60424213,35.78458703
27610,William G Enloe High,276,128 Clarendon Crescent,Raleigh,27610,Wake,-78.60424213,35.78458703
27610,William G Enloe High,276,128 Clarendon Crescent,Raleigh,27610,Wake,-78.60424213,35.78458703
27610,William G Enloe High,276,128 Clarendon Crescent,Raleigh,27610,Wake,-78.60424213,35.78458703
27604,William G Enloe High,276,128 Clarendon Crescent,Raleigh,27610,Wake,-78.60424213,35.78458703
27610,William G Enloe High,276,128 Clarendon Crescent,Raleigh,27610,Wake,-78.60424213,35.78458703
27610,William G Enloe High,276,128 Clarendon Crescent,Raleigh,27610,Wake,-78.60424213,35.78458703
27601,William G Enloe High,276,128 Clarendon Crescent,Raleigh,27610,Wake,-78.60424213,35.78458703
27610,William G Enloe High,276,128 Clarendon Crescent,Raleigh,27610,Wake,-78.60424213,35.78458703
27610,Willow Springs Elementary,276,NA,NA,NA,NA,-78.728399,35.593329
27603,Yates Mill Elementary,276,5993 Yates Mill Pond Road,Raleigh,27606,Wake,-78.72889897,35.73750445
27616,York Elementary,276,5201 Brookhaven Dr,Raleigh,27612,Wake,-78.68339203,35.85251193
27612,York Elementary,276,5201 Brookhaven Dr,Raleigh,27612,Wake,-78.68339203,35.85251193
27612,York Elementary,276,5201 Brookhaven Dr,Raleigh,27612,Wake,-78.68339203,35.85251193
27613,York Elementary,276,5201 Brookhaven Dr,Raleigh,27612,Wake,-78.68339203,35.85251193
27617,York Elementary,276,5201 Brookhaven Dr,Raleigh,27612,Wake,-78.68339203,35.85251193
27617,York Elementary,276,5201 Brookhaven Dr,Raleigh,27612,Wake,-78.68339203,35.85251193
27617,York Elementary,276,5201 Brookhaven Dr,Raleigh,27612,Wake,-78.68339203,35.85251193
27597,Zebulon Elementary,275,700 Proctor St,Zebulon,27597,Wake,-78.32003187,35.83962829
27591,Zebulon Elementary,275,700 Proctor St,Zebulon,27597,Wake,-78.32003187,35.83962829
27597,Zebulon Elementary,275,700 Proctor St,Zebulon,27597,Wake,-78.32003187,35.83962829
27597,Zebulon Elementary,275,700 Proctor St,Zebulon,27597,Wake,-78.32003187,35.83962829
27597,Zebulon Elementary,275,700 Proctor St,Zebulon,27597,Wake,-78.32003187,35.83962829
27591,Zebulon Elementary,275,700 Proctor St,Zebulon,27597,Wake,-78.32003187,35.83962829
27591,Zebulon Elementary,275,700 Proctor St,Zebulon,27597,Wake,-78.32003187,35.83962829
27597,Zebulon Elementary,275,700 Proctor St,Zebulon,27597,Wake,-78.32003187,35.83962829
27597,Zebulon Elementary,275,700 Proctor St,Zebulon,27597,Wake,-78.32003187,35.83962829
27597,Zebulon Middle,275,1000 Shepard School Rd,Zebulon,27597,Wake,-78.31237842,35.83162804
27545,Zebulon Middle,275,1000 Shepard School Rd,Zebulon,27597,Wake,-78.31237842,35.83162804
27597,Zebulon Middle,275,1000 Shepard School Rd,Zebulon,27597,Wake,-78.31237842,35.83162804
27597,Zebulon Middle,275,1000 Shepard School Rd,Zebulon,27597,Wake,-78.31237842,35.83162804
27545,Zebulon Middle,275,1000 Shepard School Rd,Zebulon,27597,Wake,-78.31237842,35.83162804
27597,Zebulon Middle,275,1000 Shepard School Rd,Zebulon,27597,Wake,-78.31237842,35.83162804
27597,Zebulon Middle,275,1000 Shepard School Rd,Zebulon,27597,Wake,-78.31237842,35.83162804
27616,Zebulon Middle,276,NA,NA,NA,NA,-78.31237842,35.83162804
27597,Zebulon Middle,275,1000 Shepard School Rd,Zebulon,27597,Wake,-78.31237842,35.83162804
27616,Zebulon Middle,276,NA,NA,NA,NA,-78.31237842,35.83162804
27597,Zebulon Middle,275,1000 Shepard School Rd,Zebulon,27597,Wake,-78.31237842,35.83162804
27591,Zebulon Middle,275,1000 Shepard School Rd,Zebulon,27597,Wake,-78.31237842,35.83162804
27597,Zebulon Middle,275,1000 Shepard School Rd,Zebulon,27597,Wake,-78.31237842,35.83162804
27597,Zebulon Middle,275,1000 Shepard School Rd,Zebulon,27597,Wake,-78.31237842,35.83162804
27597,Zebulon Middle,275,1000 Shepard School Rd,Zebulon,27597,Wake,-78.31237842,35.83162804
27597,Zebulon Middle,275,1000 Shepard School Rd,Zebulon,27597,Wake,-78.31237842,35.83162804
